<?xml version="1.0"?>
<layout width="1920" height="1080" resolutionid="9" bgcolor="#000000" schemaVersion="2"><region id="55a4343b8da60" userId="1" width="1920" height="1080" top="0" left="0" name="l3.1"><media id="059aa62f62b21528882d46134a85d0fc" type="webpage" render="native" duration="12" lkid="" userId="1" schemaVersion="1">
                            <options><xmds>1</xmds><uri>www.google.com</uri><scaling>100</scaling><transparency>0</transparency><offsetLeft>0</offsetLeft><offsetTop>0</offsetTop><pageWidth>0</pageWidth><pageHeight>0</pageHeight><modeid>1</modeid><name/></options>
                            <raw/>
                    </media><options><transOut/><transOutDuration>0</transOutDuration><transOutDirection>N</transOutDirection><loop>0</loop></options></region></layout>
