<?xml version="1.0"?>
<layout width="1920" height="1080" resolutionid="9" bgcolor="#000000" schemaVersion="2"><region id="55a43a296099e" userId="1" width="960" height="1080" top="0" left="0" name="l7.1"><options><transOut/><transOutDuration>0</transOutDuration><transOutDirection>N</transOutDirection><loop>0</loop></options><media id="296" type="video" render="native" duration="12" lkid="403" userId="1" schemaVersion="1">
                            <options><uri>296.mp4</uri></options>
                            <raw/>
                    </media></region><region id="58661229655a43a3e867ee" userId="1" width="960" height="1080" top="0" left="960" name="l7.2"><options><transOut/><transOutDuration>0</transOutDuration><transOutDirection>N</transOutDirection><loop>0</loop></options><media id="297" type="image" render="native" duration="12" lkid="404" userId="1" schemaVersion="1">
                            <options><uri>297.png</uri></options>
                            <raw/>
                    </media></region></layout>
