<?xml version="1.0"?>
<layout width="1920" height="1080" resolutionid="9" bgcolor="#000000" schemaVersion="2">
  <region id="55a438faa77d5" userId="1" width="480" height="1080" top="0" left="0" name="l6.1">
    <options>
      <transOut/>
      <transOutDuration>0</transOutDuration>
      <transOutDirection>N</transOutDirection>
      <loop>0</loop>
    </options>
    <media id="47439b90b01f10f6dc48e8bbf327fb5e" type="webpage" render="native" duration="12" lkid="" userId="1" schemaVersion="1">
                            <options><xmds>1</xmds><uri>http%3A%2F%2Fwww.google.com%2F</uri><scaling>100</scaling><transparency>0</transparency><offsetLeft>0</offsetLeft><offsetTop>0</offsetTop><pageWidth>0</pageWidth><pageHeight>0</pageHeight><modeid>1</modeid><name/></options>
                            <raw/>
                    </media>
  </region>
  <region id="101058551755a4390ca5a3b" userId="1" width="1440" height="1080" top="0" left="480" name="l6.2">
    <options>
      <transOut/>
      <transOutDuration>0</transOutDuration>
      <transOutDirection>N</transOutDirection>
      <loop>0</loop>
    </options>
    <media id="293" type="image" render="native" duration="12" lkid="400" userId="1" schemaVersion="1">
                            <options><uri>293.png</uri></options>
                            <raw/>
                    </media>
  </region>
  <tags><tag> </tag></tags>
</layout>
