<?xml version="1.0"?>
<layout width="1080" height="1920" resolutionid="11" bgcolor="#000000" schemaVersion="2">
  <region id="54f76779b5bf0" userId="1" width="1080" height="1920" top="0" left="0" name="p1.1">
    
    <options>
      <transOut/>
      <transOutDuration>0</transOutDuration>
      <transOutDirection>N</transOutDirection>
      <loop>0</loop>
    </options>
    
  <media id="257" type="video" render="native" duration="0" lkid="362" userId="1" schemaVersion="1">
                            <options><uri>257.mp4</uri></options>
                            <raw/>
                    </media></region>
  <tags><tag>template</tag></tags>
</layout>
