<?xml version="1.0"?>
<layout width="1080" height="1920" resolutionid="11" bgcolor="#000000" schemaVersion="2">
  <region id="54cac3ae5e336" userId="1" width="1080" height="1920" top="0" left="0" name="p2.2">
    
    
    
    
    
  <media id="259" type="image" render="native" duration="10" lkid="364" userId="1" schemaVersion="1">
                            <options><uri>259.png</uri></options>
                            <raw/>
                    </media><options><transOut/><transOutDuration>0</transOutDuration><transOutDirection>N</transOutDirection><loop>0</loop></options></region>
  <tags><tag>template</tag></tags>
</layout>
