<?xml version="1.0"?>
<layout width="1080" height="1920" resolutionid="11" bgcolor="#000000" schemaVersion="2">
  <region id="54f7682f52a55" userId="1" width="1080" height="1110" top="810" left="0" name="7.2">
    <options>
      <transOut/>
      <transOutDuration>0</transOutDuration>
      <transOutDirection>N</transOutDirection>
      <loop>0</loop>
    </options>
    
  <media id="266" type="image" render="native" duration="10" lkid="371" userId="1" schemaVersion="1">
                            <options><uri>266.png</uri></options>
                            <raw/>
                    </media></region>
  
  <region id="56628607754f768f84b56a" userId="1" width="1080" height="810" top="0" left="0" name="7.1">
    <options>
      <transOut/>
      <transOutDuration>0</transOutDuration>
      <transOutDirection>N</transOutDirection>
      <loop>0</loop>
    </options>
    
  <media id="267" type="video" render="native" duration="10" lkid="372" userId="1" schemaVersion="1">
                            <options><uri>267.mp4</uri></options>
                            <raw/>
                    </media></region>
  <tags><tag>template</tag></tags>
</layout>
