<?xml version="1.0"?>
<layout width="1080" height="1920" resolutionid="11" bgcolor="#000000" schemaVersion="2">
  <region id="54f7682f52a55" userId="1" width="1080" height="1110" top="0" left="0" name="8.1">
    <options>
      <transOut/>
      <transOutDuration>0</transOutDuration>
      <transOutDirection>N</transOutDirection>
      <loop>0</loop>
    </options>
    
  <media id="268" type="image" render="native" duration="10" lkid="373" userId="1" schemaVersion="1">
                            <options><uri>268.png</uri></options>
                            <raw/>
                    </media></region>
  
  <region id="56628607754f768f84b56a" userId="1" width="1080" height="810" top="1110" left="0" name="8.2">
    <options>
      <transOut/>
      <transOutDuration>0</transOutDuration>
      <transOutDirection>N</transOutDirection>
      <loop>0</loop>
    </options>
    
  <media id="269" type="video" render="native" duration="10" lkid="374" userId="1" schemaVersion="1">
                            <options><uri>269.mp4</uri></options>
                            <raw/>
                    </media></region>
  <tags><tag>template</tag></tags>
</layout>
