<?xml version="1.0"?>
<layout width="1920" height="1080" resolutionid="9" bgcolor="#000000" schemaVersion="2"><region id="55a41bc888dda" userId="1" width="1920" height="1080" top="0" left="0" name="l1.1"><options><transOut/><transOutDuration>0</transOutDuration><transOutDirection>N</transOutDirection><loop>0</loop></options><media id="283" type="video" render="native" duration="12" lkid="388" userId="1" schemaVersion="1">
                            <options><uri>283.mp4</uri></options>
                            <raw/>
                    </media></region></layout>
